Planting_ID,Block,Comps,plant_present,present_with_seeds,seeds,glumes,undeveloped,Date_counted,Notes
737,8,y,y,y,5,6,1,9/10/2020,
738,8,y,y,y,1,3,4,9/10/2020,slightly green
739,8,y,y,y,7,7,0,9/10/2020,
740,8,y,y,y,9,8,0,9/10/2020,
741,8,y,n,,,,,9/10/2020,
742,8,y,n,,,,,9/10/2020,
743,8,y,n,,,,,9/10/2020,
744,8,y,n,,,,,9/10/2020,
745,8,y,y,y,4,3,0,9/10/2020,still green
746,8,y,y,y,5,5,0,9/10/2020,
747,8,y,y,y,3,2,0,9/10/2020,slightly green
748,8,y,y,n,0,0,0,9/10/2020,"tiny plant, no glumes"
749,8,y,n,,,,,9/10/2020,
750,8,y,y,y,6,6,0,9/10/2020,
751,8,y,y,y,3,4,0,9/10/2020,
752,8,y,y,y,6,6,0,9/10/2020,
753,8,y,n,,,,,9/10/2020,
754,8,y,n,,,,,9/10/2020,
755,8,y,n,,,,,9/10/2020,
756,8,y,y,y,6,5,0,9/10/2020,
757,8,y,n,,,,,9/10/2020,
758,8,y,n,,,,,9/10/2020,
759,8,y,n,,,,,9/10/2020,
760,8,y,n,,,,,9/10/2020,
761,8,y,y,n,0,1,0,9/10/2020,
762,8,y,n,,,,,9/10/2020,
763,8,y,n,,,,,9/10/2020,
764,8,y,n,,,,,9/10/2020,
765,8,y,y,y,3,2,0,9/10/2020,
766,8,y,n,,,,,9/10/2020,
767,8,y,y,y,5,4,0,9/10/2020,
768,8,y,y,y,9,9,0,9/10/2020,
769,8,y,y,y,13,14,0,9/10/2020,
770,8,y,n,,,,,9/10/2020,
771,8,y,y,y,3,2,0,9/10/2020,"still green, possibly a 3rd partially developed glume with no seeds"
772,8,y,n,,,,,9/10/2020,
773,8,y,y,y,3,2,0,9/10/2020,slightly green
774,8,y,n,,,,,9/10/2020,
775,8,y,y,y,5,3,0,9/10/2020,slightly green
776,8,y,y,y,5,2,0,9/10/2020,"slightly green, top glume had 3 seeds"
777,8,y,y,y,4,2,0,9/10/2020,slightly green
778,8,y,y,n,0,4,0,9/10/2020,All glumes empty
779,8,y,n,,,,,9/10/2020,
780,8,y,n,,,,,9/10/2020,
781,8,y,n,,,,,9/10/2020,
782,8,y,n,,,,,9/10/2020,
505,5,y,n,,,,,9/2/2020,
506,5,y,n,,,,,9/2/2020,
504,5,y,n,,,,,9/2/2020,
503,5,y,n,,,,,9/2/2020,
502,5,y,n,,,,,9/2/2020,
501,5,y,y,y,10,10,0,9/2/2020,
500,5,y,n,,,,,9/2/2020,
499,5,y,n,,,,,9/2/2020,
498,5,y,y,y,9,8,0,9/2/2020,
497,5,y,n,,,,,9/2/2020,
496,5,y,n,,,,,9/2/2020,
495,5,y,n,,,,,9/2/2020,
494,5,y,n,,,,,9/2/2020,
493,5,y,n,,,,,9/2/2020,
492,5,y,n,,,,,9/2/2020,
491,5,y,y,y,17,14,1,9/2/2020,
490,5,y,n,,,,,9/2/2020,
489,5,y,y,y,6,6,0,9/2/2020,
488,5,y,n,,,,,9/2/2020,
487,5,y,x,,,,,9/2/2020,"""missing"""
486,5,y,n,,,,,9/2/2020,
485,5,y,y,y,4,4,0,9/2/2020,
484,5,y,n,,,,,9/2/2020,
483,5,y,x,,,,,9/2/2020,"""missing"""
481,5,y,n,,,,,9/2/2020,
482,5,y,n,,,,,9/2/2020,
480,5,y,n,,,,,9/2/2020,
479,5,y,n,,,,,9/2/2020,
478,5,y,y,y,22,14,0,9/2/2020,
477,5,y,n,,,,,9/2/2020,
476,5,y,y,y,2,2,0,9/2/2020,
475,5,y,n,,,,,9/2/2020,
474,5,y,y,y,2,3,0,9/2/2020,
473,5,y,n,,,,,9/2/2020,
472,5,y,n,,,,,9/2/2020,
471,5,y,n,,,,,9/2/2020,
470,5,y,n,,,,,9/2/2020,
469,5,y,y,y,14,9,0,9/2/2020,
468,5,y,n,,,,,9/2/2020,
467,5,y,n,,,,,9/2/2020,
466,5,y,n,,,,,9/2/2020,
465,5,y,y,y,10,11,5,9/2/2020,
464,5,y,n,,,,,9/2/2020,
463,5,y,y,y,16,8,0,9/2/2020,
462,5,y,n,,,,,9/2/2020,
461,5,y,n,,,,,9/2/2020,
691,7,n,n,,,,,9/3/2020,
692,7,n,n,,,,,9/3/2020,
693,7,n,n,,,,,9/3/2020,
694,7,n,n,,,,,9/3/2020,
695,7,n,n,,,,,9/3/2020,
696,7,n,y,y,6,6,0,9/3/2020,
697,7,n,y,y,39,20,2,9/3/2020,some green
698,7,n,n,,,,,9/3/2020,
699,7,n,n,,,,,9/3/2020,
700,7,n,n,,,,,9/3/2020,
701,7,n,n,,,,,9/3/2020,
702,7,n,n,,,,,9/3/2020,
703,7,n,n,,,,,9/3/2020,
704,7,n,n,,,,,9/3/2020,
705,7,n,n,,,,,9/3/2020,
706,7,n,n,,,,,9/3/2020,
707,7,n,n,,,,,9/3/2020,
708,7,n,y,y,14,6,0,9/3/2020,
709,7,n,n,,,,,9/3/2020,
710,7,n,x,,,,,9/3/2020,tube missing
711,7,n,n,,,,,9/3/2020,
712,7,n,n,,,,,9/3/2020,
713,7,n,n,,,,,9/3/2020,
714,7,n,n,,,,,9/3/2020,
715,7,n,n,,,,,9/3/2020,
716,7,n,n,,,,,9/3/2020,
717,7,n,n,,,,,9/3/2020,
718,7,n,n,,,,,9/3/2020,
719,7,n,x,,,,,9/3/2020,tube missing
720,7,n,n,,,,,9/3/2020,
721,7,n,y,y,13,9,0,9/3/2020,
722,7,n,x,,,,,9/3/2020,tube missing
723,7,n,n,,,,,9/3/2020,
724,7,n,n,,,,,9/3/2020,
725,7,n,y,y,40,24,0,9/3/2020,
726,7,n,y,y,26,27,2,9/3/2020,
734,7,n,y,y,2,3,0,9/3/2020,
727,7,n,n,,,,,9/3/2020,
728,7,n,n,,,,,9/3/2020,
729,7,n,n,,,,,9/3/2020,
730,7,n,n,,,,,9/3/2020,
731,7,n,n,,,,,9/3/2020,
732,7,n,n,,,,,9/3/2020,
733,7,n,n,,,,,9/3/2020,
735,7,n,x,,,,,9/3/2020,tube missing
736,7,n,x,,,,,9/3/2020,missing
323,3,n,y,y,20,19,0,9/9/2020,
324,3,n,y,y,32,25,0,9/9/2020,
325,3,n,n,,,,,9/9/2020,
326,3,n,n,,,,,9/9/2020,
327,3,n,y,y,5,5,0,9/9/2020,
328,3,n,y,y,44,29,0,9/9/2020,
329,3,n,n,,,,,9/9/2020,
330,3,n,n,,,,,9/9/2020,
331,3,n,y,y,2,2,0,9/9/2020,still a bit green
332,3,n,y,y,36,29,1,9/9/2020,slightly green
333,3,n,y,y,29,23,0,9/9/2020,
334,3,n,n,,,,,9/9/2020,
335,3,n,n,,,,,9/9/2020,
336,3,n,y,y,6,6,0,9/9/2020,
337,3,n,y,y,6,6,2,9/9/2020,
338,3,n,y,y,27,11,0,9/9/2020,
339,3,n,n,,,,,9/9/2020,
340,3,n,n,,,,,9/9/2020,
341,3,n,n,,,,,9/9/2020,
342,3,n,x,,,,,9/9/2020,tube missing
343,3,n,n,,,,,9/9/2020,
344,3,n,y,y,9,7,0,9/9/2020,
345,3,n,n,,,,,9/9/2020,
346,3,n,n,,,,,9/9/2020,
347,3,n,n,,,,,9/9/2020,
348,3,n,n,,,,,9/9/2020,
349,3,n,n,,,,,9/9/2020,
350,3,n,n,,,,,9/9/2020,
351,3,n,y,y,4,4,0,9/9/2020,
352,3,n,n,,,,,9/9/2020,
353,3,n,n,,,,,9/9/2020,
354,3,n,x,,,,,9/9/2020,tube missing
355,3,n,n,,,,,9/9/2020,
356,3,n,n,,,,,9/9/2020,
357,3,n,n,,,,,9/9/2020,
358,3,n,y,y,34,22,0,9/9/2020,
359,3,n,n,,,,,9/9/2020,
360,3,n,n,,,,,9/9/2020,
361,3,n,n,,,,,9/9/2020,
362,3,n,y,y,35,25,0,9/9/2020,
363,3,n,y,n,0,,,9/9/2020,"sad, small/partial plant"
364,3,n,n,,,,,9/9/2020,
365,3,n,y,y,18,17,0,9/9/2020,
366,3,n,n,,,,,9/9/2020,
367,3,n,y,y,10,4,0,9/9/2020,
368,3,n,n,,,,,9/9/2020,
645,7,y,n,,,,,9/9/2020,
646,7,y,n,,,,,9/9/2020,
647,7,y,n,,,,,9/9/2020,
648,7,y,n,,,,,9/9/2020,
650,7,y,n,,,,,9/9/2020,
651,7,y,y,y,7,10,2,9/9/2020,
652,7,y,n,,,,,9/9/2020,
653,7,y,n,,,,,9/9/2020,
654,7,y,n,,,,,9/9/2020,
655,7,y,n,,,,,9/9/2020,
656,7,y,y,y,7,5,0,9/9/2020,
657,7,y,n,,,,,9/9/2020,
658,7,y,n,,,,,9/9/2020,
659,7,y,y,n,0,,,9/9/2020,"tiny, immature plant, still a bit green"
660,7,y,n,,,,,9/9/2020,
661,7,y,n,,,,,9/9/2020,
662,7,y,n,,,,,9/9/2020,
663,7,y,n,,,,,9/9/2020,
664,7,y,n,,,,,9/9/2020,
665,7,y,n,,,,,9/9/2020,
666,7,y,n,,,,,9/9/2020,
667,7,y,n,,,,,9/9/2020,
668,7,y,n,,,,,9/9/2020,
669,7,y,n,,,,,9/9/2020,
670,7,y,y,y,7,7,0,9/9/2020,
671,7,y,n,,,,,9/9/2020,
672,7,y,n,,,,,9/9/2020,
673,7,y,n,,,,,9/9/2020,
674,7,y,n,,,,,9/9/2020,
675,7,y,n,,,,,9/9/2020,
676,7,y,n,,,,,9/9/2020,
677,7,y,y,y,6,5,2,9/9/2020,
678,7,y,y,y,4,2,0,9/9/2020,"still green, 3 seeds in top glume"
679,7,y,y,y,4,4,0,9/9/2020,
680,7,y,y,n,0,2,3,9/9/2020,still green
681,7,y,n,,,,,9/9/2020,
682,7,y,n,,,,,9/9/2020,
683,7,y,n,,,,,9/9/2020,
684,7,y,n,,,,,9/9/2020,
685,7,y,n,,,,,9/9/2020,
686,7,y,n,,,,,9/9/2020,
687,7,y,n,,,,,9/9/2020,
688,7,y,n,,,,,9/9/2020,
689,7,y,y,n,0,3,0,9/9/2020,
690,7,y,n,,,,,9/9/2020,
139,10,n,n,,,,,9/3/2020,
140,10,n,n,,,,,9/3/2020,
141,10,n,y,y,28,14,0,9/3/2020,
142,10,n,n,,,,,9/3/2020,
143,10,n,y,y,59,45,0,9/3/2020,
144,10,n,y,y,53,38,0,9/3/2020,
145,10,n,x,,,,,9/3/2020,tube missing
146,10,n,n,,,,,9/3/2020,
147,10,n,y,y,29,18,0,9/3/2020,
148,10,n,n,,,,,9/3/2020,
149,10,n,y,y,35,29,0,9/3/2020,
150,10,n,y,y,16,8,0,9/3/2020,
151,10,n,n,,,,,9/3/2020,
152,10,n,n,,,,,9/3/2020,
153,10,n,x,,,,,9/3/2020,tube missing
154,10,n,n,,,,,9/3/2020,
155,10,n,n,,,,,9/3/2020,
156,10,n,y,y,25,16,0,9/3/2020,
157,10,n,n,,,,,9/3/2020,
158,10,n,n,,,,,9/3/2020,
159,10,n,n,,,,,9/3/2020,
160,10,n,y,y,3,2,0,9/3/2020,
161,10,n,y,y,42,22,0,9/3/2020,
162,10,n,n,,,,,9/3/2020,
163,10,n,n,,,,,9/3/2020,
164,10,n,n,,,,,9/3/2020,
165,10,n,n,,,,,9/3/2020,
166,10,n,x,,,,,9/3/2020,tube missing
167,10,n,n,,,,,9/3/2020,
168,10,n,y,y,7,8,0,9/3/2020,
169,10,n,y,y,7,7,0,9/3/2020,
170,10,n,y,y,55,40,5,9/3/2020,
171,10,n,n,,,,,9/3/2020,
172,10,n,y,y,6,6,0,9/3/2020,
173,10,n,n,,,,,9/3/2020,
174,10,n,y,y,40,35,3,9/3/2020,a little green
175,10,n,n,,,,,9/3/2020,
176,10,n,n,,,,,9/3/2020,
177,10,n,n,,,,,9/3/2020,
178,10,n,n,,,,,9/3/2020,
179,10,n,n,,,,,9/3/2020,
180,10,n,n,,,,,9/3/2020,
181,10,n,y,y,112,67,5,9/3/2020,a little green
182,10,n,y,y,55,46,0,9/3/2020,
183,10,n,y,y,14,11,1,9/3/2020,
184,10,n,n,,,,,9/3/2020,
507,5,n,n,,,,,9/10/2020,
508,5,n,y,y,34,24,4,9/10/2020,still green
509,5,n,y,y,88,53,2,9/10/2020,some still green
510,5,n,n,,,,,9/10/2020,
511,5,n,y,y,21,12,0,9/10/2020,
512,5,n,n,,,,,9/10/2020,
513,5,n,n,,,,,9/10/2020,
514,5,n,n,,,,,9/10/2020,
515,5,n,n,,,,,9/10/2020,
516,5,n,n,,,,,9/10/2020,
517,5,n,y,,24,18,0,9/10/2020,
518,5,n,n,,,,,9/10/2020,
519,5,n,n,,,,,9/10/2020,
520,5,n,n,,,,,9/10/2020,
521,5,n,n,,,,,9/10/2020,
522,5,n,y,y,21,14,2,9/10/2020,
523,5,n,n,,,,,9/10/2020,
524,5,n,n,,,,,9/10/2020,
525,5,n,x,,,,,9/10/2020,no plant in envelope
526,5,n,n,,,,,9/10/2020,
527,5,n,n,,,,,9/10/2020,
528,5,n,n,,,,,9/10/2020,
529,5,n,n,,,,,9/10/2020,
530,5,n,n,,,,,9/10/2020,
531,5,n,y,y,19,12,2,9/10/2020,
532,5,n,n,,,,,9/10/2020,
533,5,n,n,,,,,9/10/2020,
534,5,n,n,,,,,9/10/2020,
535,5,n,n,,,,,9/10/2020,
536,5,n,n,,,,,9/10/2020,
537,5,n,y,y,35,26,1,9/10/2020,
538,5,n,n,,,,,9/10/2020,
539,5,n,y,y,19,17,0,9/10/2020,
540,5,n,y,y,39,22,4,9/10/2020,
541,5,n,n,,,,,9/10/2020,
542,5,n,n,,,,,9/10/2020,
543,5,n,n,,,,,9/10/2020,
544,5,n,n,,,,,9/10/2020,
545,5,n,y,y,4,4,0,9/10/2020,
546,5,n,y,y,14,11,0,9/10/2020,
547,5,n,y,y,33,21,0,9/10/2020,
548,5,n,y,y,10,10,0,9/10/2020,
549,5,n,y,y,10,10,0,9/10/2020,
550,5,n,n,,,,,9/10/2020,
551,5,n,n,,,,,9/10/2020,
552,5,n,n,,,,,9/10/2020,
599,6,n,n,,,,,9/3/2020,
600,6,n,n,,,,,9/3/2020,
601,6,n,n,,,,,9/3/2020,
602,6,n,y,y,3,4,0,9/3/2020,
603,6,n,n,,,,,9/3/2020,
604,6,n,n,,,,,9/3/2020,
605,6,n,n,,,,,9/3/2020,
606,6,n,n,,,,,9/3/2020,
607,6,n,y,y,24,13,0,9/3/2020,
608,6,n,x,,,,,9/3/2020,tube missing
609,6,n,y,y,4,4,0,9/3/2020,
610,6,n,y,y,15,10,1,9/3/2020,
611,6,n,n,,,,,9/3/2020,
612,6,n,n,,,,,9/3/2020,
613,6,n,n,,,,,9/3/2020,
614,6,n,n,,,,,9/3/2020,
615,6,n,y,y,46,29,3,9/3/2020,
616,6,n,n,,,,,9/3/2020,
617,6,n,y,y,21,16,0,9/3/2020,
618,6,n,n,,,,,9/3/2020,
619,6,n,y,y,62,47,5,9/3/2020,
620,6,n,y,y,25,24,3,9/3/2020,still green
621,6,n,n,,,,,9/3/2020,
622,6,n,y,y,42,33,0,9/3/2020,
623,6,n,n,,,,,9/3/2020,
624,6,n,y,y,10,8,0,9/3/2020,
625,6,n,n,,,,,9/3/2020,
626,6,n,y,y,42,24,0,9/3/2020,3 addition glumes that looked undeveloped
627,6,n,n,,,,,9/3/2020,
628,6,n,x,,,,,9/3/2020,tube missing
629,6,n,y,y,25,16,1,9/3/2020,
630,6,n,n,,,,,9/3/2020,
631,6,n,n,,,,,9/3/2020,
632,6,n,n,,,,,9/3/2020,
633,6,n,n,,,,,9/3/2020,
634,6,n,n,,,,,9/3/2020,
635,6,n,n,,,,,9/3/2020,
636,6,n,n,,,,,9/3/2020,
637,6,n,y,y,15,12,1,9/3/2020,
638,6,n,n,,,,,9/3/2020,
639,6,n,n,,,,,9/3/2020,
640,6,n,n,,,,,9/3/2020,
641,6,n,n,,,,,9/3/2020,
642,6,n,n,,,,,9/3/2020,
643,6,n,n,,,,,9/3/2020,
644,6,n,y,y,32,28,0,9/3/2020,
93,10,y,n,,,,,9/3/2020,
94,10,y,n,,,,,9/3/2020,
95,10,y,n,,,,,9/3/2020,
96,10,y,n,,,,,9/3/2020,
97,10,y,n,,,,,9/3/2020,
98,10,y,y,y,4,4,0,9/3/2020,
99,10,y,n,,,,,9/3/2020,
100,10,y,n,,,,,9/3/2020,
101,10,y,n,,,,,9/3/2020,
102,10,y,n,,,,,9/3/2020,
103,10,y,n,,,,,9/3/2020,
104,10,y,n,,,,,9/3/2020,
105,10,y,n,,,,,9/3/2020,
106,10,y,n,,,,,9/3/2020,
107,10,y,n,,,,,9/3/2020,
108,10,y,n,,,,,9/3/2020,
109,10,y,n,,,,,9/3/2020,
110,10,y,n,,,,,9/3/2020,
111,10,y,n,,,,,9/3/2020,
112,10,y,n,,,,,9/3/2020,
113,10,y,n,,,,,9/3/2020,
114,10,y,n,,,,,9/3/2020,
115,10,y,n,,,,,9/3/2020,
116,10,y,n,,,,,9/3/2020,
117,10,y,n,,,,,9/3/2020,
118,10,y,n,,,,,9/3/2020,
119,10,y,n,,,,,9/3/2020,
120,10,y,y,n,0,2,0,9/3/2020,sad/small/partial plant
121,10,y,y,n,0,0,0,9/3/2020,sad/partial plant
122,10,y,y,y,6,6,0,9/3/2020,
123,10,y,n,,,,,9/3/2020,
124,10,y,n,,,,,9/3/2020,
125,10,y,y,y,2,3,0,9/3/2020,
126,10,y,n,,,,,9/3/2020,
127,10,y,n,,,,,9/3/2020,
128,10,y,n,,,,,9/3/2020,
129,10,y,n,,,,,9/3/2020,
130,10,y,n,,,,,9/3/2020,
131,10,y,y,n,0,5,0,9/3/2020,
132,10,y,n,,,,,9/3/2020,
133,10,y,n,,,,,9/3/2020,
134,10,y,n,,,,,9/3/2020,
135,10,y,n,,,,,9/3/2020,
136,10,y,y,y,11,6,0,9/3/2020,
137,10,y,n,,,,,9/3/2020,
138,10,y,n,,,,,9/3/2020,
829,9,y,y,y,11,10,0,9/2/2020,
830,9,y,n,,,,,9/2/2020,
831,9,y,n,,,,,9/2/2020,
832,9,y,y,y,16,10,1,9/2/2020,
833,9,y,n,,,,,9/2/2020,
834,9,y,n,,,,,9/2/2020,
835,9,y,n,,,,,9/2/2020,
836,9,y,n,,,,,9/2/2020,
837,9,y,n,,,,,9/2/2020,
838,9,y,n,,,,,9/2/2020,
839,9,y,n,,,,,9/2/2020,
840,9,y,n,,,,,9/2/2020,
841,9,y,n,,,,,9/2/2020,
842,9,y,y,y,9,9,0,9/2/2020,
843,9,y,n,,,,,9/2/2020,
844,9,y,n,,,,,9/2/2020,
845,9,y,n,,,,,9/2/2020,
846,9,y,n,,,,,9/2/2020,
847,9,y,y,y,5,6,0,9/2/2020,
848,9,y,n,,,,,9/2/2020,
849,9,y,n,,,,,9/2/2020,
850,9,y,n,,,,,9/2/2020,
851,9,y,y,y,9,9,0,9/2/2020,
852,9,y,n,,,,,9/2/2020,
853,9,y,n,,,,,9/2/2020,
854,9,y,n,,,,,9/2/2020,
855,9,y,n,,,,,9/2/2020,
856,9,y,n,,,,,9/2/2020,
857,9,y,n,,,,,9/2/2020,
858,9,y,n,,,,,9/2/2020,
859,9,y,n,,,,,9/2/2020,
860,9,y,n,,,,,9/2/2020,
861,9,y,y,y,11,6,0,9/2/2020,
862,9,y,y,y,10,10,0,9/2/2020,
863,9,y,n,,,,,9/2/2020,
864,9,y,y,y,5,5,0,9/2/2020,
865,9,y,n,,,,,9/2/2020,
866,9,y,y,y,1,2,0,9/2/2020,
867,9,y,n,,,,,9/2/2020,
868,9,y,n,,,,,9/2/2020,
869,9,y,n,,,,,9/2/2020,
870,9,y,n,,,,,9/2/2020,
871,9,y,n,,,,,9/2/2020,
872,9,y,y,y,7,7,0,9/2/2020,
873,9,y,n,,,,,9/2/2020,
874,9,y,n,,,,,9/2/2020,
783,8,n,n,,,,,9/2/2020,
784,8,n,y,y,14,13,0,9/2/2020,
785,8,n,n,,,,,9/2/2020,
786,8,n,n,,,,,9/2/2020,
787,8,n,n,,,,,9/2/2020,
788,8,n,y,y,4,10,5,9/2/2020,
789,8,n,n,,,,,9/2/2020,
790,8,n,y,y,8,7,1,9/2/2020,
791,8,n,y,n,0,7,7,9/2/2020,
792,8,n,y,y,18,17,0,9/2/2020,
793,8,n,n,,,,,9/2/2020,
794,8,n,y,y,13,10,0,9/2/2020,
795,8,n,x,y,3,,,9/2/2020,"lolium, green"
796,8,n,n,,,,,9/2/2020,
797,8,n,y,y,9,11,1,9/2/2020,
798,8,n,y,y,18,17,3,9/2/2020,
799,8,n,n,,,,,9/2/2020,
800,8,n,n,,,,,9/2/2020,
801,8,n,n,,,,,9/2/2020,
802,8,n,n,,,,,9/2/2020,
803,8,n,y,y,8,9,0,9/2/2020,
804,8,n,y,y,6,4,0,9/2/2020,
805,8,n,n,,,,,9/2/2020,
806,8,n,y,y,6,4,0,9/2/2020,
807,8,n,x,,,,,9/2/2020,tube missing
808,8,n,n,,,,,9/2/2020,
809,8,n,n,,,,,9/2/2020,
810,8,n,n,,,,,9/2/2020,
811,8,n,n,,,,,9/2/2020,
812,8,n,n,,,,,9/2/2020,
813,8,n,n,,,,,9/2/2020,
814,8,n,n,,,,,9/2/2020,
815,8,n,n,,,,,9/2/2020,
816,8,n,n,,,,,9/2/2020,
817,8,n,n,,,,,9/2/2020,
818,8,n,n,,,,,9/2/2020,
819,8,n,y,y,24,21,5,9/2/2020,green
820,8,n,n,,,,,9/2/2020,
821,8,n,n,,,,,9/2/2020,
822,8,n,n,,,,,9/2/2020,
823,8,n,n,,,,,9/2/2020,
824,8,n,n,,,,,9/2/2020,
825,8,n,n,,,,,9/2/2020,
826,8,n,y,y,21,23,6,9/2/2020,
827,8,n,x,,,,,9/2/2020,tube missing
828,8,n,n,,,,,9/2/2020,
277,3,y,y,n,0,3,0,9/9/2020,
278,3,y,n,,,,,9/9/2020,
279,3,y,n,,,,,9/9/2020,
280,3,y,x,,,,,9/9/2020,"empty envelope, no note"
281,3,y,n,,,,,9/9/2020,
282,3,y,n,,,,,9/9/2020,
283,3,y,n,,,,,9/9/2020,
284,3,y,n,,,,,9/9/2020,
285,3,y,n,,,,,9/9/2020,
286,3,y,n,,,,,9/9/2020,
287,3,y,y,y,3,4,1,9/9/2020,
288,3,y,y,y,7,8,0,9/9/2020,
289,3,y,n,,,,,9/9/2020,
290,3,y,n,,,,,9/9/2020,
291,3,y,n,,,,,9/9/2020,
292,3,y,y,y,3,3,0,9/9/2020,
293,3,y,n,,,,,9/9/2020,
294,3,y,y,y,7,7,0,9/9/2020,a little green
295,3,y,y,y,14,12,0,9/9/2020,
296,3,y,y,n,0,1,1,9/9/2020,immature
297,3,y,n,,,,,9/9/2020,
298,3,y,n,,,,,9/9/2020,
299,3,y,n,,,,,9/9/2020,
300,3,y,y,y,6,4,0,9/9/2020,
301,3,y,n,,,,,9/9/2020,
302,3,y,n,,,,,9/9/2020,
303,3,y,y,y,3,6,0,9/9/2020,
304,3,y,y,y,5,5,0,9/9/2020,
305,3,y,y,y,4,4,0,9/9/2020,
306,3,y,n,,,,,9/9/2020,
307,3,y,n,,,,,9/9/2020,
308,3,y,n,,,,,9/9/2020,
309,3,y,n,,,,,9/9/2020,
310,3,y,n,,,,,9/9/2020,
311,3,y,n,,,,,9/9/2020,
312,3,y,n,,,,,9/9/2020,
313,3,y,n,,,,,9/9/2020,
314,3,y,y,y,2,2,0,9/9/2020,
315,3,y,n,,,,,9/9/2020,
316,3,y,y,y,11,11,0,9/9/2020,
317,3,y,y,y,14,12,0,9/9/2020,
318,3,y,n,,,,,9/9/2020,
319,3,y,y,y,4,4,0,9/9/2020,
320,3,y,x,,,,,9/9/2020,tube missing
321,3,y,n,,,,,9/9/2020,
322,3,y,n,,,,,9/9/2020,
553,6,y,n,,,,,9/9/2020,
554,6,y,y,y,7,7,0,9/9/2020,
555,6,y,n,,,,,9/9/2020,
556,6,y,n,,,,,9/9/2020,
557,6,y,n,,,,,9/9/2020,
558,6,y,y,y,14,13,3,9/9/2020,
559,6,y,n,,,,,9/9/2020,
560,6,y,n,,,,,9/9/2020,
561,6,y,n,,,,,9/9/2020,
562,6,y,n,,,,,9/9/2020,
563,6,y,y,y,4,4,0,9/9/2020,
564,6,y,y,y,1,1,0,9/9/2020,
565,6,y,x,,,,,9/9/2020,"seed lost in field, never planted"
566,6,y,n,,,,,9/9/2020,
567,6,y,n,,,,,9/9/2020,
568,6,y,n,,,,,9/9/2020,
569,6,y,n,,,,,9/9/2020,
570,6,y,n,,,,,9/9/2020,
571,6,y,n,,,,,9/9/2020,
572,6,y,n,,,,,9/9/2020,
573,6,y,n,,,,,9/9/2020,
574,6,y,n,,,,,9/9/2020,
575,6,y,n,,,,,9/9/2020,
576,6,y,n,,,,,9/9/2020,
577,6,y,n,,,,,9/9/2020,
578,6,y,n,,,,,9/9/2020,
579,6,y,n,,,,,9/9/2020,
580,6,y,y,y,2,3,1,9/9/2020,
581,6,y,n,,,,,9/9/2020,
582,6,y,n,,,,,9/9/2020,
583,6,y,n,,,,,9/9/2020,
584,6,y,n,,,,,9/9/2020,
585,6,y,n,,,,,9/9/2020,
586,6,y,n,,,,,9/9/2020,
587,6,y,n,,,,,9/9/2020,
588,6,y,n,,,,,9/9/2020,
589,6,y,n,,,,,9/9/2020,
590,6,y,n,,,,,9/9/2020,
591,6,y,n,,,,,9/9/2020,
592,6,y,n,,,,,9/9/2020,
593,6,y,n,,,,,9/9/2020,
594,6,y,n,,,,,9/9/2020,
595,6,y,n,,,,,9/9/2020,
596,6,y,n,,,,,9/9/2020,
597,6,y,n,,,,,9/9/2020,
598,6,y,n,,,,,9/9/2020,
231,2,n,n,,,,,10/21/2020,
232,2,n,y,y,19,16,1,10/21/2020,
233,2,n,y,y,2,3,1,10/21/2020,
234,2,n,n,,,,,10/21/2020,
235,2,n,n,,,,,10/21/2020,
236,2,n,y,n,0,0,0,10/21/2020,partial plant
237,2,n,n,,,,,10/21/2020,
238,2,n,n,,,,,10/21/2020,
239,2,n,y,y,8,7,2,10/21/2020,
240,2,n,n,,,,,10/21/2020,
241,2,n,n,,,,,10/21/2020,
242,2,n,n,,,,,10/21/2020,
243,2,n,n,,,,,10/21/2020,
244,2,n,n,,,,,10/21/2020,
245,2,n,y,y,4,3,0,10/21/2020,
246,2,n,n,,,,,10/21/2020,
247,2,n,n,,,,,10/21/2020,
248,2,n,y,y,15,9,1,10/21/2020,
249,2,n,n,,,,,10/21/2020,
250,2,n,n,,,,,10/21/2020,
251,2,n,n,,,,,10/21/2020,
252,2,n,y,y,17,10,2,10/21/2020,
253,2,n,n,,,,,10/21/2020,
254,2,n,n,,,,,10/21/2020,
255,2,n,n,,,,,10/21/2020,
256,2,n,n,,,,,10/21/2020,
257,2,n,n,,,,,10/21/2020,
258,2,n,n,,,,,10/21/2020,
259,2,n,n,,,,,10/21/2020,
260,2,n,n,,,,,10/21/2020,
261,2,n,n,,,,,10/21/2020,
262,2,n,x,,,,,10/21/2020,tube missing
263,2,n,x,,,,,10/21/2020,tube missing
264,2,n,y,y,19,19,0,10/21/2020,
265,2,n,n,,,,,10/21/2020,
266,2,n,n,,,,,10/21/2020,
267,2,n,n,,,,,10/21/2020,
268,2,n,y,y,32,19,2,10/21/2020,
269,2,n,n,,,,,10/21/2020,
270,2,n,n,,,,,10/21/2020,
271,2,n,n,,,,,10/21/2020,
272,2,n,x,,,,,10/21/2020,tube missing
273,2,n,n,,,,,10/21/2020,
274,2,n,y,y,9,8,1,10/21/2020,
275,2,n,n,,,,,10/21/2020,
276,2,n,n,,,,,10/21/2020,
1,1,y,n,,,,,9/10/2020,
2,1,y,y,y,19,14,0,9/10/2020,
3,1,y,n,,,,,9/10/2020,
4,1,y,n,,,,,9/10/2020,
5,1,y,n,,,,,9/10/2020,
6,1,y,n,,,,,9/10/2020,
7,1,y,n,,,,,9/10/2020,
8,1,y,y,y,13,9,0,9/10/2020,
9,1,y,n,,,,,9/10/2020,
10,1,y,n,,,,,9/10/2020,
11,1,y,n,,,,,9/10/2020,
12,1,y,n,,,,,9/10/2020,
13,1,y,y,y,6,5,0,9/10/2020,
14,1,y,n,,,,,9/10/2020,
15,1,y,n,,,,,9/10/2020,
16,1,y,n,,,,,9/10/2020,
17,1,y,n,,,,,9/10/2020,
18,1,y,y,y,11,10,0,9/10/2020,
19,1,y,n,,,,,9/10/2020,
20,1,y,n,,,,,9/10/2020,
21,1,y,n,,,,,9/10/2020,
22,1,y,n,,,,,9/10/2020,
23,1,y,n,,,,,9/10/2020,
24,1,y,n,,,,,9/10/2020,
25,1,y,n,,,,,9/10/2020,
26,1,y,y,y,10,7,0,9/10/2020,
27,1,y,n,,,,,9/10/2020,
28,1,y,n,,,,,9/10/2020,
29,1,y,n,,,,,9/10/2020,
30,1,y,n,,,,,9/10/2020,
31,1,y,y,y,16,10,1,9/10/2020,
32,1,y,n,,,,,9/10/2020,
33,1,y,n,,,,,9/10/2020,
34,1,y,y,y,6,5,2,9/10/2020,
35,1,y,n,,,,,9/10/2020,
36,1,y,n,,,,,9/10/2020,
37,1,y,n,,,,,9/10/2020,
38,1,y,n,,,,,9/10/2020,
39,1,y,n,,,,,9/10/2020,
40,1,y,y,,,,,9/10/2020,"""no fruits"""
41,1,y,n,,,,,9/10/2020,
42,1,y,n,,,,,9/10/2020,
43,1,y,n,,,,,9/10/2020,
44,1,y,n,,,,,9/10/2020,
45,1,y,n,,,,,9/10/2020,
46,1,y,y,y,72,43,6,9/10/2020,
875,9,n,n,,,,,10/21/2020,
876,9,n,n,,,,,10/21/2020,
877,9,n,n,,,,,10/21/2020,
878,9,n,x,,,,,10/21/2020,tube missing
879,9,n,y,y,14,7,0,10/21/2020,"some seeds were soft but I don't think the plant was done maturing them, they didn't seem aborted"
880,9,n,n,,,,,10/21/2020,
881,9,n,y,y,38,31,9,10/21/2020,
882,9,n,n,,,,,10/21/2020,
883,9,n,y,y,21,13,0,10/21/2020,
884,9,n,n,,,,,10/21/2020,
885,9,n,n,,,,,10/21/2020,
886,9,n,n,,,,,10/21/2020,
887,9,n,n,,,,,10/21/2020,
888,9,n,x,,,,,10/21/2020,tube missing
889,9,n,n,,,,,10/21/2020,
890,9,n,n,,,,,10/21/2020,
891,9,n,n,,,,,10/21/2020,
892,9,n,y,y,22,18,0,10/21/2020,
893,9,n,n,,,,,10/21/2020,
894,9,n,n,,,,,10/21/2020,
895,9,n,n,,,,,10/21/2020,
896,9,n,y,y,4,3,1,10/21/2020,small plant
897,9,n,n,,,,,10/21/2020,
898,9,n,n,,,,,10/21/2020,
899,9,n,x,,,,,10/21/2020,tube missing
900,9,n,n,,,,,10/21/2020,
901,9,n,n,,,,,10/21/2020,
902,9,n,y,y,3,3,0,10/21/2020,"small, moldy plant"
903,9,n,y,y,81,36,8,10/21/2020,
920,9,n,x,,,,,10/21/2020,tube moved
904,9,n,n,,,,,10/21/2020,
905,9,n,n,,,,,10/21/2020,
906,9,n,y,y,12,13,1,10/21/2020,
907,9,n,n,,,,,10/21/2020,
908,9,n,y,y,11,9,0,10/21/2020,
909,9,n,n,,,,,10/21/2020,
910,9,n,n,,,,,10/21/2020,
911,9,n,n,,,,,10/21/2020,
912,9,n,n,,,,,10/21/2020,
913,9,n,n,,,,,10/21/2020,
914,9,n,x,,,,,10/21/2020,tube missing
915,9,n,y,y,6,5,0,10/21/2020,
916,9,n,y,y,3,3,1,10/21/2020,
917,9,n,n,,,,,10/21/2020,
918,9,n,n,,,,,10/21/2020,
919,9,n,y,y,19,14,5,10/21/2020,
185,2,y,y,y,42,22,3,10/22/2020,
186,2,y,n,,,,,10/22/2020,
187,2,y,y,y,26,13,1,10/22/2020,
188,2,y,n,,,,,10/22/2020,
189,2,y,n,,,,,10/22/2020,
190,2,y,n,,,,,10/22/2020,
191,2,y,n,,,,,10/22/2020,
192,2,y,n,,,,,10/22/2020,
193,2,y,n,,,,,10/22/2020,
194,2,y,n,,,,,10/22/2020,
195,2,y,n,,,,,10/22/2020,
196,2,y,n,,,,,10/22/2020,
197,2,y,n,,,,,10/22/2020,
198,2,y,n,,,,,10/22/2020,
199,2,y,y,n,0,0,0,10/22/2020,plant fragments only
200,2,y,y,y,12,7,2,10/22/2020,
201,2,y,y,y,14,7,1,10/22/2020,
202,2,y,n,,,,,10/22/2020,
203,2,y,n,,,,,10/22/2020,
204,2,y,n,,,,,10/22/2020,
205,2,y,n,,,,,10/22/2020,
206,2,y,y,y,2,2,0,10/22/2020,
207,2,y,n,,,,,10/22/2020,
208,2,y,n,,,,,10/22/2020,
209,2,y,y,y,11,8,0,10/22/2020,
210,2,y,n,,,,,10/22/2020,
211,2,y,y,y,12,11,5,10/22/2020,
212,2,y,n,,,,,10/22/2020,
213,2,y,n,,,,,10/22/2020,
214,2,y,n,,,,,10/22/2020,
215,2,y,n,,,,,10/22/2020,
216,2,y,n,,,,,10/22/2020,
217,2,y,n,,,,,10/22/2020,
218,2,y,n,,,,,10/22/2020,
219,2,y,n,,,,,10/22/2020,
220,2,y,n,,,,,10/22/2020,
221,2,y,n,,,,,10/22/2020,
222,2,y,n,,,,,10/22/2020,
223,2,y,n,,,,,10/22/2020,
224,2,y,n,,,,,10/22/2020,
225,2,y,n,,,,,10/22/2020,
226,2,y,n,,,,,10/22/2020,
227,2,y,y,y,6,4,0,10/22/2020,
228,2,y,n,,,,,10/22/2020,
229,2,y,n,,,,,10/22/2020,
230,2,y,n,,,,,10/22/2020,
369,4,y,n,,,,,10/22/2020,
370,4,y,n,,,,,10/22/2020,
371,4,y,n,,,,,10/22/2020,
372,4,y,y,y,2,2,0,10/22/2020,
373,4,y,n,,,,,10/22/2020,
374,4,y,y,y,9,8,0,10/22/2020,
375,4,y,n,,,,,10/22/2020,
376,4,y,y,y,14,12,2,10/22/2020,
377,4,y,n,,,,,10/22/2020,
378,4,y,n,,,,,10/22/2020,
379,4,y,n,,,,,10/22/2020,
380,4,y,n,,,,,10/22/2020,
381,4,y,n,,,,,10/22/2020,
382,4,y,n,,,,,10/22/2020,
383,4,y,y,y,4,4,0,10/22/2020,
384,4,y,n,,,,,10/22/2020,
385,4,y,y,y,7,6,0,10/22/2020,
386,4,y,y,y,4,4,0,10/22/2020,
387,4,y,n,,,,,10/22/2020,
388,4,y,n,,,,,10/22/2020,
389,4,y,y,y,8,8,1,10/22/2020,
390,4,y,n,,,,,10/22/2020,
391,4,y,n,,,,,10/22/2020,
392,4,y,n,,,,,10/22/2020,
393,4,y,n,,,,,10/22/2020,
394,4,y,n,,,,,10/22/2020,
395,4,y,y,y,6,4,0,10/22/2020,
396,4,y,y,y,9,6,0,10/22/2020,
397,4,y,y,y,2,2,0,10/22/2020,
398,4,y,y,y,6,6,2,10/22/2020,
399,4,y,n,,,,,10/22/2020,
400,4,y,y,y,3,3,0,10/22/2020,
401,4,y,n,,,,,10/22/2020,
402,4,y,n,,,,,10/22/2020,
403,4,y,n,,,,,10/22/2020,
404,4,y,n,,,,,10/22/2020,
405,4,y,n,,,,,10/22/2020,
406,4,y,y,y,11,11,1,10/22/2020,
407,4,y,y,y,3,3,0,10/22/2020,
408,4,y,n,,,,,10/22/2020,
409,4,y,y,y,9,9,0,10/22/2020,
410,4,y,n,,,,,10/22/2020,
411,4,y,n,,,,,10/22/2020,
412,4,y,n,,,,,10/22/2020,
413,4,y,n,,,,,10/22/2020,
414,4,y,y,y,7,7,0,10/22/2020,
415,4,n,n,,,,,10/22/2020,
416,4,n,n,,,,,10/22/2020,
417,4,n,n,,,,,10/22/2020,
418,4,n,y,y,94,57,14,10/22/2020,
419,4,n,n,,,,,10/22/2020,
420,4,n,y,y,26,15,1,10/22/2020,
421,4,n,y,y,16,11,0,10/22/2020,lost 1 seed after counting
422,4,n,n,,,,,10/22/2020,
423,4,n,y,y,15,15,1,10/22/2020,
424,4,n,n,,,,,10/22/2020,
425,4,n,n,,,,,10/22/2020,
426,4,n,n,,,,,10/22/2020,
427,4,n,y,y,10,9,4,10/22/2020,
428,4,n,y,y,14,16,2,10/22/2020,
429,4,n,y,n,0,0,0,10/22/2020,"""no fruit"""
430,4,n,n,,,,,10/22/2020,
431,4,n,y,y,5,3,0,10/22/2020,
432,4,n,n,,,,,10/22/2020,
433,4,n,n,,,,,10/22/2020,
434,4,n,n,,,,,10/22/2020,
435,4,n,n,,,,,10/22/2020,
436,4,n,y,y,9,6,0,10/22/2020,
437,4,n,n,,,,,10/22/2020,
438,4,n,n,,,,,10/22/2020,
439,4,n,n,,,,,10/22/2020,
440,4,n,n,,,,,10/22/2020,
441,4,n,n,,,,,10/22/2020,
442,4,n,y,y,7,6,1,10/22/2020,
443,4,n,y,y,4,5,1,10/22/2020,
444,4,n,n,,,,,10/22/2020,
445,4,n,n,,,,,10/22/2020,
446,4,n,n,,,,,10/22/2020,
447,4,n,n,,,,,10/22/2020,
448,4,n,n,,,,,10/22/2020,
449,4,n,n,,,,,10/22/2020,
450,4,n,n,,,,,10/22/2020,
451,4,n,n,,,,,10/22/2020,
452,4,n,n,,,,,10/22/2020,
453,4,n,n,,,,,10/22/2020,
454,4,n,y,y,5,4,0,10/22/2020,
455,4,n,n,,,,,10/22/2020,
456,4,n,y,y,4,4,0,10/22/2020,
457,4,n,n,,,,,10/22/2020,
458,4,n,n,,,,,10/22/2020,
459,4,n,n,,,,,10/22/2020,
460,4,n,y,y,4,4,1,10/22/2020,
47,1,n,n,,,,,10/22/2020,
48,1,n,y,y,3,2,0,10/22/2020,
49,1,n,n,,,,,10/22/2020,
50,1,n,n,,,,,10/22/2020,
51,1,n,y,y,34,25,3,10/22/2020,
52,1,n,n,,,,,10/22/2020,
53,1,n,n,,,,,10/22/2020,
54,1,n,n,,,,,10/22/2020,
55,1,n,n,,,,,10/22/2020,
56,1,n,n,,,,,10/22/2020,
57,1,n,y,y,8,6,0,10/22/2020,
58,1,n,n,,,,,10/22/2020,
59,1,n,n,,,,,10/22/2020,
60,1,n,n,,,,,10/22/2020,
61,1,n,n,,,,,10/22/2020,
62,1,n,n,,,,,10/22/2020,
63,1,n,n,,,,,10/22/2020,
64,1,n,n,,,,,10/22/2020,
65,1,n,n,,,,,10/22/2020,
66,1,n,n,,,,,10/22/2020,
67,1,n,n,,,,,10/22/2020,
68,1,n,n,,,,,10/22/2020,
69,1,n,n,,,,,10/22/2020,
70,1,n,y,y,4,3,2,10/22/2020,
71,1,n,n,,,,,10/22/2020,
72,1,n,y,,,,,10/22/2020,"""no fruit"""
73,1,n,y,y,12,7,0,10/22/2020,
74,1,n,n,,,,,10/22/2020,
75,1,n,n,,,,,10/22/2020,
76,1,n,y,,,,,10/22/2020,"""no fruit"""
77,1,n,n,,,,,10/22/2020,
78,1,n,y,y,2,3,1,10/22/2020,
79,1,n,y,y,1,2,0,10/22/2020,tiny
80,1,n,y,y,4,3,0,10/22/2020,
81,1,n,y,y,2,2,0,10/22/2020,
82,1,n,n,,,,,10/22/2020,
83,1,n,n,,,,,10/22/2020,
84,1,n,n,,,,,10/22/2020,
85,1,n,n,,,,,10/22/2020,
86,1,n,n,,,,,10/22/2020,
87,1,n,y,y,7,5,0,10/22/2020,
88,1,n,y,y,15,9,1,10/22/2020,
89,1,n,n,,,,,10/22/2020,
90,1,n,y,y,3,3,0,10/22/2020,
91,1,n,n,,,,,10/22/2020,
92,1,n,n,,,,,10/22/2020,
